,Capacitive axis,,,Inductive axis,,,,,,MHWP_v2,,,,Temperature (K),
Freq,Tx_C,Rx_C,Abs_C,Tx_L,Rx_L,Abs_L,DPh,45d X-Pol,Model:,Msh_HWP_Toltec_2019_01_13c,,,,emitted,reflected
10,0.784716,0.215238,4.66E-05,1.82E-06,0.969453,0.0305452,251.06786,-7.0777609,,nC=6,,,,290,45
11,0.770743,0.229202,5.47E-05,1.95E-06,0.966588,0.0334105,247.54163,-7.1567758,,nL=6,,,,290,45
12,0.761622,0.238316,6.26E-05,2.19E-06,0.963603,0.0363945,244.12638,-7.2096205,,,,,,290,45
13,0.757477,0.242453,7.02E-05,2.54E-06,0.960504,0.0394939,240.81871,-7.234661,,,,,,290,45
14,0.758321,0.241602,7.79E-05,3.06E-06,0.957305,0.0426915,237.61388,-7.2314139,,,,,,290,45
15,0.764065,0.235849,8.60E-05,3.79E-06,0.954041,0.0459548,234.50725,-7.2005266,,,,,,290,45
16,0.774512,0.225394,9.47E-05,4.81E-06,0.950763,0.0492321,231.49544,-7.1437922,,,,,,290,45
17,0.789321,0.210575,1.04E-04,6.22E-06,0.947543,0.0524508,228.57694,-7.0641873,,,,,,290,45
18,0.807963,0.191923,0.000114009,8.14E-06,0.944475,0.055517,225.75262,-6.9659267,,,,,,290,45
19,0.829655,0.17022,0.00012511,1.07E-05,0.94167,0.0583192,223.02587,-6.8544845,,,,,,290,45
20,0.853302,0.14656,0.000137284,1.42E-05,0.939246,0.0607401,220.4025,-6.7365645,,,,,,290,45
21,0.877463,0.122387,0.000150353,1.87E-05,0.937305,0.0626768,217.89028,-6.6199416,,,,,,290,45
22,0.900358,0.0994781,0.000164032,2.42E-05,0.935905,0.0640705,215.49817,-6.513135,,,,,,290,45
23,0.919975,0.0798466,0.000178017,3.07E-05,0.935027,0.0649418,213.23526,-6.424858,,,,,,290,45
24,0.934274,0.0655337,0.00019189,3.78E-05,0.934541,0.0654213,211.10957,-6.363254,,,,,,290,45
25,0.941479,0.058316,0.00020498,4.49E-05,0.934196,0.0657589,209.12712,-6.3350012,,,,,,290,45
26,0.940397,0.0593859,0.000216823,5.10E-05,0.933652,0.0662974,207.29134,-6.3444491,,,,,,290,45
27,0.930669,0.0691039,0.000226833,5.49E-05,0.932537,0.0674078,205.60317,-6.3929953,,,,,,290,45
28,0.912849,0.0869157,0.000234939,5.60E-05,0.930543,0.0694011,204.06122,-6.4788895,,,,,,290,45
29,0.888291,0.111469,0.000240602,5.36E-05,0.9275,0.0724467,202.66216,-6.5975176,,,,,,290,45
30,0.858872,0.140884,0.000244558,4.82E-05,0.923425,0.0765267,201.40051,-6.7421033,,,,,,290,45
31,0.826599,0.173151,0.000250772,5.26E-05,0.926292,0.0736553,199.85472,-6.9130659,,,,,,290,45
32,0.793511,0.206233,0.000256345,5.70E-05,0.929554,0.0703889,198.36803,-7.0951658,,,,,,290,45
33,0.7613,0.238438,0.000261456,6.11E-05,0.933007,0.0669317,196.92454,-7.2797877,,,,,,290,45
34,0.731282,0.268451,0.000266641,6.50E-05,0.936472,0.0634627,195.5065,-7.4590176,,,,,,290,45
35,0.704397,0.295331,0.000272125,6.86E-05,0.939804,0.060127,194.09535,-7.6259596,,,,,,290,45
36,0.681265,0.318457,0.000278324,7.18E-05,0.942895,0.0570334,192.67239,-7.7748657,,,,,,290,45
37,0.662258,0.337456,0.000285566,7.45E-05,0.945668,0.0542579,191.21907,-7.9011369,,,,,,290,45
38,0.647572,0.352134,0.000294209,7.65E-05,0.948075,0.0518486,189.71692,-8.0012611,,,,,,290,45
39,0.637291,0.362405,0.000304341,7.78E-05,0.950091,0.0498314,188.14736,-8.0727171,,,,,,290,45
40,0.631432,0.368252,0.000316352,7.82E-05,0.951706,0.0482158,186.49146,-8.1138809,,,,,,290,45
41,0.630007,0.369674,0.000318378,8.31E-05,0.953825,0.0460921,184.76562,-8.1271464,,,,,,290,45
42,0.632956,0.366723,0.000320613,8.87E-05,0.955697,0.044214,182.92884,-8.1101528,,,,,,290,45
43,0.640231,0.359446,0.000323147,9.48E-05,0.957326,0.0425789,180.96411,-8.0635877,,,,,,290,45
44,0.651765,0.34791,0.000325769,0.000101658,0.958717,0.0411816,178.85438,-7.9888302,,,,,,290,45
45,0.667454,0.332218,0.000328511,0.000109143,0.959874,0.0400168,176.58278,-7.8879734,,,,,,290,45
46,0.687129,0.31254,0.000331163,0.000117311,0.960803,0.0390792,174.13308,-7.7638445,,,,,,290,45
47,0.71052,0.289147,0.00033319,0.000126156,0.961509,0.0383645,171.49055,-7.6200454,,,,,,290,45
48,0.737208,0.262458,0.000334442,0.000135648,0.961994,0.0378702,168.64288,-7.4609592,,,,,,290,45
49,0.766582,0.233084,0.000334382,0.000145732,0.96226,0.0375945,165.58171,-7.2917336,,,,,,290,45
50,0.7978,0.201867,0.000332475,0.000156322,0.962305,0.0375384,162.30421,-7.1181877,,,,,,290,45
51,0.829652,0.169986,0.000362113,0.000172561,0.962455,0.0373726,158.87004,-6.9491589,,,,,,290,45
52,0.860929,0.138674,0.000397727,0.000191305,0.962449,0.0373601,155.25908,-6.7891506,,,,,,290,45
53,0.89019,0.109371,0.000439085,0.00021292,0.962285,0.0375026,151.49852,-6.6443927,,,,,,290,45
54,0.915989,0.0835254,0.000485666,0.000237822,0.961959,0.0378031,147.62554,-6.5203805,,,,,,290,45
55,0.937047,0.0624164,0.000536703,0.000266475,0.961467,0.0382664,143.68609,-6.421377,,,,,,290,45
56,0.952432,0.0469768,0.000591256,0.000299399,0.960801,0.0388992,139.73211,-6.3499835,,,,,,290,45
57,0.961697,0.0376548,0.000648137,0.000337163,0.959953,0.0397098,135.81804,-6.3068779,,,,,,290,45
58,0.964939,0.0343546,0.000706255,0.000380383,0.958912,0.0407077,131.99647,-6.2907898,,,,,,290,45
59,0.962761,0.0364741,0.000764802,0.000429714,0.957666,0.0419048,128.31446,-6.2987091,,,,,,290,45
60,0.956155,0.043022,0.000823151,0.000485832,0.9562,0.043314,124.81045,-6.326287,,,,,,290,45
61,0.94634,0.0528151,0.000845335,0.000559513,0.954525,0.0449157,121.5943,-6.3695784,,,,,,290,45
62,0.934562,0.0645751,0.000863031,0.000646879,0.952604,0.0467492,118.63143,-6.4223409,,,,,,290,45
63,0.922035,0.0770876,0.000877284,0.000750494,0.95042,0.0488296,115.93465,-6.4792542,,,,,,290,45
64,0.909817,0.0892939,0.000889212,0.000873337,0.947955,0.0511717,113.50844,-6.5354799,,,,,,290,45
65,0.898764,0.100336,0.000900015,0.00101882,0.945192,0.053789,111.35068,-6.5868959,,,,,,290,45
66,0.889522,0.109567,0.000910729,0.0011908,0.942117,0.0566921,109.45417,-6.6302316,,,,,,290,45
67,0.882535,0.116543,0.000921875,0.00139349,0.93872,0.0598865,107.80818,-6.6631162,,,,,,290,45
68,0.878066,0.121,0.00093437,0.00163139,0.934998,0.0633706,106.39926,-6.6840765,,,,,,290,45
69,0.87622,0.122831,0.000948474,0.00190906,0.930959,0.0671322,105.21207,-6.6924857,,,,,,290,45
70,0.876967,0.122068,0.000964463,0.00223079,0.926625,0.0711443,104.22965,-6.6884937,,,,,,290,45
71,0.8802,0.118788,0.00101184,0.00262792,0.92205,0.0753217,103.53938,-6.6740582,,,,,,290,45
72,0.885623,0.113312,0.00106531,0.00309149,0.917273,0.0796356,103.0483,-6.6500015,,,,,,290,45
73,0.892886,0.105989,0.0011248,0.00362753,0.912375,0.0839972,102.73834,-6.6183481,,,,,,290,45
74,0.901561,0.0972499,0.00118915,0.00424036,0.907465,0.0882944,102.58884,-6.5814565,,,,,,290,45
75,0.911157,0.0875847,0.00125802,0.00493183,0.902673,0.0923955,102.57599,-6.5418659,,,,,,290,45
76,0.921146,0.0775234,0.00133066,0.00570062,0.898141,0.0961586,102.6726,-6.5021168,,,,,,290,45
77,0.93099,0.0676042,0.00140598,0.00654197,0.894013,0.0994446,102.84833,-6.4645724,,,,,,290,45
78,0.940179,0.0583382,0.00148268,0.00744786,0.89042,0.102132,103.07049,-6.4312434,,,,,,290,45
79,0.948269,0.0501713,0.00155985,0.00840787,0.887458,0.104134,103.3054,-6.4036488,,,,,,290,45
80,0.954915,0.0434479,0.0016366,0.00941058,0.885179,0.10541,103.52009,-6.3827122,,,,,,290,45
81,0.959875,0.0383901,0.00173522,0.0105015,0.883865,0.105633,103.71014,-6.3695966,,,,,,290,45
82,0.963102,0.0350609,0.00183725,0.0116398,0.883256,0.105105,103.83221,-6.3633402,,,,,,290,45
83,0.964674,0.033384,0.00194243,0.0128252,0.883251,0.103924,103.8654,-6.3629969,,,,,,290,45
84,0.964797,0.0331527,0.00205056,0.0140623,0.883719,0.102219,103.79417,-6.367106,,,,,,290,45
85,0.963781,0.0340579,0.00216139,0.0153613,0.884506,0.100133,103.60822,-6.3738276,,,,,,290,45
86,0.962001,0.0357237,0.00227547,0.0167378,0.885456,0.0978059,103.30189,-6.3810827,,,,,,290,45
87,0.959861,0.0377461,0.00239294,0.0182132,0.886418,0.0953685,102.87322,-6.3866972,,,,,,290,45
88,0.957757,0.0397285,0.0025144,0.0198145,0.887252,0.0929333,102.32309,-6.3885347,,,,,,290,45
89,0.956047,0.0413125,0.0026406,0.0215741,0.887833,0.0905929,101.65433,-6.3846205,,,,,,290,45
90,0.955028,0.0422003,0.00277201,0.0235307,0.888049,0.0884202,100.87121,-6.373232,,,,,,290,45
91,0.955014,0.0421288,0.00285683,0.0258659,0.887322,0.0868117,100.11473,-6.3560098,,,,,,290,45
92,0.956064,0.0409942,0.00294144,0.0285586,0.885885,0.0855569,99.286786,-6.3297419,,,,,,290,45
93,0.958216,0.0387575,0.00302638,0.0316921,0.883607,0.0847011,98.397718,-6.2939076,,,,,,290,45
94,0.961416,0.0354721,0.00311205,0.0353688,0.880346,0.084285,97.459983,-6.2483892,,,,,,290,45
95,0.965523,0.0312786,0.00319852,0.0397155,0.875936,0.0843488,96.488726,-6.1934586,,,,,,290,45
96,0.970317,0.0263976,0.00328499,0.04489,0.870175,0.0849348,95.502586,-6.1297442,,,,,,290,45
97,0.975513,0.0211162,0.00337095,0.0510898,0.86282,0.0860902,94.524327,-6.0581883,,,,,,290,45
98,0.980774,0.0157709,0.0034551,0.0585628,0.853568,0.0878689,93.581576,-5.9799932,,,,,,290,45
99,0.985738,0.0107253,0.00353634,0.0676206,0.842046,0.0903337,92.707543,-5.8965844,,,,,,290,45
100,0.990044,0.00634317,0.00361259,0.0786543,0.827789,0.0935565,91.941385,-5.8095701,,,,,,290,45
101,0.993433,0.00298919,0.00357751,0.0924583,0.810209,0.0973328,91.347261,-5.7201104,,,,,,290,45
102,0.995598,0.000883816,0.00351817,0.109524,0.788534,0.101943,90.970786,-5.6306962,,,,,,290,45
103,0.996352,0.000213185,0.00343486,0.130668,0.761884,0.107447,90.873842,-5.5439011,,,,,,290,45
104,0.995607,0.00106412,0.00332844,0.156868,0.729249,0.113884,91.123693,-5.4630912,,,,,,290,45
105,0.993383,0.00341598,0.00320074,0.189224,0.689537,0.121238,91.790974,-5.3928725,,,,,,290,45
106,0.989804,0.00714305,0.00305328,0.228877,0.641717,0.129406,92.945536,-5.3396165,,,,,,290,45
107,0.985084,0.0120272,0.00288846,0.276802,0.585059,0.138139,94.649836,-5.3120083,,,,,,290,45
108,0.979513,0.0177786,0.00270866,0.333473,0.519541,0.146986,96.949337,-5.3213815,,,,,,290,45
109,0.973423,0.0240606,0.00251595,0.398387,0.446351,0.155262,99.859529,-5.3814724,,,,,,290,45
110,0.96717,0.0305174,0.0023122,0.469582,0.368343,0.162075,103.35191,-5.5071658,,,,,,290,45
111,0.960733,0.0368875,0.00237918,0.544442,0.289036,0.166523,107.46281,-5.7222548,,,,,,290,45
112,0.954745,0.0427779,0.00247756,0.617133,0.21515,0.167716,111.96565,-6.0308719,,,,,,290,45
113,0.949491,0.0479029,0.00260565,0.682291,0.152391,0.165318,116.6776,-6.4347207,,,,,,290,45
114,0.945208,0.0520305,0.00276171,0.735803,0.104584,0.159613,121.40076,-6.9250865,,,,,,290,45
115,0.942066,0.0549896,0.00294441,0.775918,0.0726571,0.151425,125.9567,-7.4838774,,,,,,290,45
116,0.940174,0.0566732,0.00315251,0.80337,0.0547955,0.141835,130.21299,-8.087385,,,,,,290,45
117,0.939577,0.0570388,0.00338468,0.820619,0.0475121,0.131869,134.09312,-8.711124,,,,,,290,45
118,0.940253,0.0561068,0.00364037,0.830798,0.0468912,0.122311,137.57232,-9.3340866,,,,,,290,45
119,0.942125,0.0539561,0.00391854,0.83688,0.0494784,0.113642,140.66425,-9.9412,,,,,,290,45
120,0.945062,0.050719,0.00421898,0.841231,0.052682,0.106087,143.40647,-10.524065,,,,,,290,45
121,0.9488,0.0463802,0.0048201,0.845839,0.0549067,0.0992542,145.89306,-11.091055,,,,,,290,45
122,0.95317,0.0413374,0.00549221,0.851424,0.0550926,0.0934837,148.1348,-11.636696,,,,,,290,45
123,0.957918,0.0358478,0.00623431,0.858439,0.0529122,0.088649,150.18166,-12.167409,,,,,,290,45
124,0.962772,0.0301831,0.00704505,0.866919,0.0484848,0.0845966,152.07781,-12.69168,,,,,,290,45
125,0.967464,0.0246133,0.00792221,0.876596,0.0422363,0.0811676,153.85997,-13.218878,,,,,,290,45
126,0.971746,0.0193902,0.00886342,0.887006,0.0347831,0.0782105,155.55655,-13.758228,,,,,,290,45
127,0.975405,0.0147305,0.00986482,0.897576,0.0268331,0.0755905,157.18764,-14.318081,,,,,,290,45
128,0.978276,0.0108017,0.0109227,0.907712,0.0190961,0.0731921,158.76559,-14.905382,,,,,,290,45
129,0.980256,0.00771144,0.0120329,0.916872,0.0122046,0.0709237,160.29597,-15.525318,,,,,,290,45
130,0.981306,0.00550232,0.0131912,0.924633,0.00664929,0.0687176,161.77889,-16.181177,,,,,,290,45
131,0.982579,0.00422128,0.0131993,0.930364,0.00271246,0.0669236,163.2601,-16.895776,,,,,,290,45
132,0.983286,0.00365442,0.0130594,0.93428,0.000538901,0.0651814,164.69103,-17.654395,,,,,,290,45
133,0.98355,0.0036713,0.012779,0.936483,3.88E-05,0.0634782,166.06427,-18.45627,,,,,,290,45
134,0.983519,0.00411633,0.012365,0.937227,0.000959175,0.0618141,167.37334,-19.299878,,,,,,290,45
135,0.983351,0.00482365,0.0118249,0.936869,0.00293434,0.0601969,168.61361,-20.183481,,,,,,290,45
136,0.983203,0.00563144,0.0111653,0.935819,0.00554243,0.0586386,169.78303,-21.106208,,,,,,290,45
137,0.983214,0.0063944,0.0103919,0.934489,0.00835879,0.0571523,170.88205,-22.06857,,,,,,290,45
138,0.983496,0.00699366,0.00950992,0.93325,0.0110003,0.0557496,171.91363,-23.073701,,,,,,290,45
139,0.984134,0.00734366,0.0085225,0.932404,0.0131564,0.0544391,172.88266,-24.128292,,,,,,290,45
140,0.985171,0.00739612,0.0074325,0.932166,0.0146083,0.053226,173.79535,-25.243331,,,,,,290,45
141,0.985658,0.00716651,0.00717574,0.932995,0.0152067,0.051798,174.68105,-26.487258,,,,,,290,45
142,0.986391,0.00664278,0.00696579,0.934623,0.0149534,0.0504237,175.52921,-27.864252,,,,,,290,45
143,0.987326,0.00587527,0.00679895,0.936985,0.0139169,0.0490986,176.3464,-29.423003,,,,,,290,45
144,0.988386,0.00494232,0.00667171,0.939946,0.0122394,0.0478146,177.13824,-31.231159,,,,,,290,45
145,0.989476,0.00394323,0.00658063,0.943319,0.0101183,0.0465622,177.90915,-33.377984,,,,,,290,45
146,0.990488,0.00298966,0.00652271,0.946886,0.00778344,0.0453309,178.66215,-35.940338,,,,,,290,45
147,0.991309,0.00219606,0.00649513,0.950415,0.00547364,0.0441109,179.39889,-38.716503,,,,,,290,45
148,0.991835,0.0016699,0.00649516,0.953693,0.00341268,0.0428941,180.11976,-40.243284,,,,,,290,45
149,0.991977,0.00150238,0.0065207,0.956538,0.00178768,0.0416742,180.82406,-38.828628,,,,,,290,45
150,0.99167,0.00176042,0.00656945,0.95882,0.000731507,0.0404486,181.51039,-36.22445,,,,,,290,45
151,0.990755,0.0024972,0.00674784,0.960306,0.000314887,0.0393791,182.15208,-33.942778,,,,,,290,45
152,0.989321,0.00370876,0.00697054,0.961138,0.000529196,0.0383325,182.76749,-32.07922,,,,,,290,45
153,0.9874,0.00536321,0.00723685,0.961386,0.0013016,0.0373128,183.35534,-30.562627,,,,,,290,45
154,0.985058,0.00739599,0.007546,0.961171,0.00250385,0.0363249,183.915,-29.310681,,,,,,290,45
155,0.982387,0.00971513,0.00789798,0.960656,0.00396894,0.0353748,184.44678,-28.260784,,,,,,290,45
156,0.979498,0.0122087,0.00829309,0.960021,0.00551091,0.0344683,184.95191,-27.365624,,,,,,290,45
157,0.976515,0.0147534,0.00873196,0.959445,0.00694517,0.0336101,185.4325,-26.590402,,,,,,290,45
158,0.973561,0.0172237,0.00921566,0.959089,0.00810766,0.0328035,185.89138,-25.908419,,,,,,290,45
159,0.970754,0.0195005,0.00974538,0.959079,0.0088708,0.03205,186.33185,-25.299005,,,,,,290,45
160,0.968198,0.021479,0.010323,0.959495,0.00915592,0.0313494,186.75742,-24.74606,,,,,,290,45
161,0.966594,0.0230138,0.0103921,0.960438,0.00898811,0.0305734,187.2658,-24.121862,,,,,,290,45
162,0.965493,0.0240917,0.0104154,0.961822,0.00835878,0.0298191,187.78201,-23.527831,,,,,,290,45
163,0.964926,0.0246793,0.0103942,0.963564,0.00735535,0.0290804,188.30822,-22.958531,,,,,,290,45
164,0.9649,0.0247711,0.0103292,0.965532,0.0061169,0.0283507,188.84569,-22.410775,,,,,,290,45
165,0.965392,0.0243873,0.0102205,0.967551,0.00482499,0.0276241,189.39457,-21.88316,,,,,,290,45
166,0.966361,0.0235719,0.0100669,0.969415,0.00369038,0.0268948,189.95375,-21.375647,,,,,,290,45
167,0.967744,0.0223885,0.00986802,0.970904,0.00293701,0.0261589,190.52077,-20.889273,,,,,,290,45
168,0.969463,0.0209152,0.00962228,0.971803,0.00278324,0.0254142,191.09196,-20.42574,,,,,,290,45
169,0.971432,0.0192395,0.00932813,0.971916,0.00342274,0.0246608,191.6625,-19.987,,,,,,290,45
170,0.973564,0.0174516,0.008984,0.971093,0.0050064,0.0239011,192.22672,-19.575064,,,,,,290,45
171,0.975267,0.0157216,0.00901182,0.968904,0.00769743,0.0233981,192.67581,-19.263299,,,,,,290,45
172,0.976879,0.0140573,0.00906339,0.96559,0.01149,0.0229197,193.08644,-18.989522,,,,,,290,45
173,0.978343,0.0125188,0.00913796,0.961202,0.0163347,0.0224635,193.4523,-18.75438,,,,,,290,45
174,0.979617,0.0111479,0.00923494,0.955861,0.0221097,0.0220292,193.76777,-18.558048,,,,,,290,45
175,0.980681,0.00996517,0.0093543,0.949753,0.0286304,0.0216168,194.02844,-18.400224,,,,,,290,45
176,0.981533,0.00897105,0.00949555,0.943107,0.0356648,0.0212279,194.23122,-18.280103,,,,,,290,45
177,0.982194,0.00814738,0.00965867,0.936184,0.0429514,0.0208651,194.37456,-18.19643,,,,,,290,45
178,0.982695,0.00746135,0.00984396,0.929251,0.0502178,0.0205308,194.45841,-18.147664,,,,,,290,45
179,0.983078,0.00687058,0.0100511,0.922573,0.0571987,0.0202281,194.48422,-18.131964,,,,,,290,45
180,0.983391,0.00632893,0.0102801,0.916389,0.063651,0.0199602,194.45476,-18.147268,,,,,,290,45
181,0.983752,0.00580018,0.0104482,0.911139,0.0693418,0.0195196,194.47161,-18.133998,,,,,,290,45
182,0.984124,0.00524653,0.010629,0.906758,0.0741378,0.0191044,194.45968,-18.136821,,,,,,290,45
183,0.984532,0.00464357,0.0108248,0.903359,0.0779233,0.0187182,194.4242,-18.153021,,,,,,290,45
184,0.98498,0.00398257,0.0110373,0.901006,0.0806317,0.018362,194.37077,-18.17981,,,,,,290,45
185,0.98546,0.00327239,0.0112677,0.899719,0.0822456,0.0180354,194.30513,-18.214343,,,,,,290,45
186,0.985942,0.00253986,0.0115177,0.89947,0.0827943,0.0177358,194.23296,-18.253765,,,,,,290,45
187,0.986384,0.00182816,0.0117879,0.90019,0.0823504,0.0174597,194.15972,-18.295257,,,,,,290,45
188,0.986728,0.00119352,0.0120782,0.901773,0.0810243,0.0172025,194.09045,-18.336119,,,,,,290,45
189,0.986911,0.000700362,0.0123884,0.904085,0.0789569,0.0169581,194.0297,-18.373708,,,,,,290,45
190,0.986868,0.00041527,0.0127171,0.906967,0.076312,0.0167213,193.98135,-18.405659,,,,,,290,45
191,0.986722,0.000402452,0.0128753,0.910088,0.0732378,0.0166744,193.91405,-18.449647,,,,,,290,45
192,0.986286,0.000705909,0.013008,0.913431,0.0699215,0.0166478,193.85796,-18.488375,,,,,,290,45
193,0.985529,0.00135803,0.0131128,0.916837,0.0665278,0.0166349,193.81437,-18.520785,,,,,,290,45
194,0.984443,0.00236887,0.0131876,0.920168,0.063202,0.01663,193.78374,-18.546272,,,,,,290,45
195,0.983046,0.00372296,0.0132313,0.92331,0.0600614,0.0166283,193.76574,-18.564701,,,,,,290,45
196,0.981378,0.00537818,0.0132434,0.926186,0.0571885,0.0166256,193.75928,-18.576414,,,,,,290,45
197,0.979508,0.00726707,0.0132248,0.928754,0.0546273,0.0166191,193.76273,-18.582098,,,,,,290,45
198,0.977523,0.00930034,0.0131768,0.93101,0.0523828,0.0166068,193.77395,-18.582767,,,,,,290,45
199,0.975525,0.0113724,0.0131024,0.93299,0.0504232,0.0165872,193.79049,-18.579586,,,,,,290,45
200,0.973627,0.0133682,0.013005,0.934754,0.0486859,0.0165602,193.80977,-18.573837,,,,,,290,45
201,0.972343,0.0150734,0.0125832,0.936604,0.0472579,0.0161381,193.79674,-18.585339,,,,,,290,45
202,0.971467,0.0164299,0.0121033,0.938428,0.0459117,0.0156604,193.77387,-18.601167,,,,,,290,45
203,0.971088,0.0173405,0.0115713,0.940325,0.0445411,0.0151338,193.73812,-18.623017,,,,,,290,45
204,0.971273,0.0177342,0.0109926,0.942391,0.0430437,0.0145654,193.6867,-18.652496,,,,,,290,45
205,0.972056,0.0175739,0.0103703,0.944708,0.04133,0.0139618,193.61709,-18.691181,,,,,,290,45
206,0.973433,0.0168618,0.00970542,0.94734,0.0393307,0.0133296,193.52726,-18.740558,,,,,,290,45
207,0.975361,0.0156425,0.00899683,0.950321,0.0370033,0.0126752,193.41565,-18.80205,,,,,,290,45
208,0.977754,0.0140045,0.00824122,0.953661,0.0343354,0.012004,193.28132,-18.876946,,,,,,290,45
209,0.980489,0.0120777,0.00743345,0.957332,0.0313466,0.0113219,193.12397,-18.966371,,,,,,290,45
210,0.983404,0.0100288,0.00656691,0.961278,0.028088,0.0106335,192.94394,-19.071242,,,,,,290,45
211,0.985494,0.00816819,0.00633737,0.96505,0.024603,0.0103469,192.83587,-19.132157,,,,,,290,45
212,0.987276,0.00655312,0.00617122,0.968847,0.0210411,0.0101119,192.72679,-19.195235,,,,,,290,45
213,0.988574,0.0053585,0.00606717,0.972548,0.0175251,0.00992735,192.61926,-19.259341,,,,,,290,45
214,0.989234,0.0047415,0.00602459,0.976024,0.0141846,0.00979153,192.5162,-19.322959,,,,,,290,45
215,0.989129,0.00482817,0.006043,0.979151,0.0111467,0.00970249,192.42069,-19.384256,,,,,,290,45
216,0.988176,0.00570197,0.0061224,0.981815,0.00852677,0.00965789,192.33585,-19.441153,,,,,,290,45
217,0.986342,0.00739519,0.00626273,0.983926,0.0064187,0.00965501,192.26453,-19.491521,,,,,,290,45
218,0.983651,0.00988483,0.00646412,0.985421,0.00488805,0.00969065,192.20923,-19.533328,,,,,,290,45
219,0.980182,0.0130923,0.00672568,0.986271,0.00396695,0.00976167,192.17196,-19.564744,,,,,,290,45
220,0.976064,0.0168889,0.00704728,0.986483,0.00365145,0.0098651,192.1539,-19.584464,,,,,,290,45
221,0.971446,0.0212403,0.00731353,0.986336,0.00390242,0.00976164,192.07844,-19.646021,,,,,,290,45
222,0.966516,0.0258682,0.00761588,0.985678,0.00467232,0.00965002,192.00894,-19.704593,,,,,,290,45
223,0.961496,0.0305506,0.00795336,0.984604,0.00586565,0.00953023,191.94439,-19.760339,,,,,,290,45
224,0.956617,0.0350584,0.00832506,0.983231,0.00736628,0.00940307,191.883,-19.814113,,,,,,290,45
225,0.9521,0.0391693,0.00873062,0.981684,0.00904614,0.00926942,191.82219,-19.867342,,,,,,290,45
226,0.94815,0.0426802,0.00916978,0.980095,0.0107743,0.00913053,191.75882,-19.921985,,,,,,290,45
227,0.944939,0.0454185,0.00964253,0.978586,0.0124255,0.00898808,191.68914,-19.980526,,,,,,290,45
228,0.9426,0.0472507,0.0101491,0.977269,0.013888,0.00884346,191.60912,-20.045736,,,,,,290,45
229,0.941221,0.0480886,0.0106901,0.976232,0.0150695,0.00869825,191.51458,-20.120663,,,,,,290,45
230,0.94084,0.0478933,0.0112665,0.975544,0.0159016,0.00855394,191.40127,-20.208562,,,,,,290,45
231,0.941943,0.0467127,0.0113442,0.975118,0.0163374,0.00854489,191.38199,-20.224604,,,,,,290,45
232,0.944048,0.0445927,0.0113594,0.975098,0.0163542,0.00854739,191.35793,-20.242139,,,,,,290,45
233,0.947048,0.0416421,0.0113103,0.975481,0.0159605,0.008558,191.32639,-20.263107,,,,,,290,45
234,0.950796,0.0380106,0.0111938,0.976238,0.0151899,0.00857252,191.28535,-20.289046,,,,,,290,45
235,0.955113,0.0338818,0.0110055,0.977316,0.0140973,0.0085863,191.23369,-20.321135,,,,,,290,45
236,0.959796,0.0294628,0.0107408,0.978652,0.0127544,0.00859397,191.17113,-20.359997,,,,,,290,45
237,0.964632,0.0249742,0.0103942,0.980167,0.0112441,0.00858938,191.09839,-20.405724,,,,,,290,45
238,0.969405,0.020635,0.00996038,0.98178,0.00965367,0.00856586,191.01709,-20.457771,,,,,,290,45
239,0.973916,0.0166494,0.00943412,0.983415,0.00806893,0.00851648,190.92973,-20.514921,,,,,,290,45
240,0.977997,0.0131923,0.00881098,0.984998,0.00656759,0.00843424,190.83951,-20.575416,,,,,,290,45
241,0.98096,0.0102854,0.00875463,0.986407,0.00529299,0.00829973,190.59129,-20.766939,,,,,,290,45
242,0.983138,0.00812096,0.00874066,0.987623,0.00422598,0.00815075,190.31829,-20.985924,,,,,,290,45
243,0.984504,0.00672438,0.00877181,0.988624,0.00338589,0.00799025,190.02474,-21.230811,,,,,,290,45
244,0.985089,0.00606075,0.00885054,0.989406,0.00277188,0.00782171,189.71466,-21.499926,,,,,,290,45
245,0.984981,0.00604002,0.00897946,0.989986,0.00236572,0.00764851,189.39161,-21.791663,,,,,,290,45
246,0.984311,0.00652771,0.00916113,0.990389,0.00213629,0.00747502,189.05834,-22.104803,,,,,,290,45
247,0.983242,0.00735947,0.00939837,0.99065,0.0020451,0.00730496,188.71662,-22.438931,,,,,,290,45
248,0.981947,0.00835839,0.00969436,0.990804,0.00205246,0.0071431,188.36706,-22.794814,,,,,,290,45
249,0.980595,0.00935247,0.010053,0.990883,0.00212353,0.0069936,188.00907,-23.174866,,,,,,290,45
250,0.979329,0.0101917,0.010479,0.990906,0.00223364,0.00686072,187.64083,-23.583422,,,,,,290,45
251,0.978497,0.0108958,0.0106072,0.990873,0.00233422,0.00679322,187.39128,-23.871492,,,,,,290,45
252,0.977993,0.0112709,0.0107363,0.990781,0.00246219,0.0067571,187.15053,-24.158611,,,,,,290,45
253,0.977843,0.0112874,0.0108698,0.990608,0.00263626,0.00675564,186.91498,-24.449124,,,,,,290,45
254,0.978023,0.0109659,0.0110109,0.990318,0.00288979,0.00679209,186.68084,-24.748284,,,,,,290,45
255,0.978461,0.0103761,0.0111627,0.989863,0.00326811,0.00686903,186.44434,-25.061957,,,,,,290,45
256,0.979041,0.00963137,0.0113276,0.989186,0.00382429,0.0069896,186.20209,-25.396257,,,,,,290,45
257,0.979612,0.00888053,0.0115077,0.98823,0.00461362,0.00715657,185.95127,-25.757493,,,,,,290,45
258,0.980001,0.0082955,0.0117035,0.986939,0.00568722,0.00737335,185.68996,-26.15136,,,,,,290,45
259,0.980028,0.00805657,0.0119153,0.985272,0.00708551,0.00764262,185.41722,-26.58331,,,,,,290,45
260,0.979523,0.00833573,0.0121415,0.9832,0.00883193,0.007968,185.1333,-27.057834,,,,,,290,45
261,0.978115,0.00940355,0.0124811,0.981026,0.0109112,0.00806236,184.77135,-27.701014,,,,,,290,45
262,0.975803,0.0113539,0.0128431,0.978552,0.0133135,0.0081349,184.39006,-28.434495,,,,,,290,45
263,0.972522,0.0142585,0.0132196,0.97583,0.0159903,0.00817989,183.99369,-29.26833,,,,,,290,45
264,0.968281,0.0181178,0.0136009,0.972942,0.0188671,0.00819108,183.58744,-30.211813,,,,,,290,45
265,0.963165,0.0228573,0.0139778,0.969991,0.0218472,0.00816163,183.177,-31.273913,,,,,,290,45
266,0.95733,0.0283299,0.0143403,0.967099,0.0248166,0.00808453,182.76823,-32.459504,,,,,,290,45
267,0.950994,0.0343259,0.0146806,0.964398,0.0276499,0.00795246,182.3665,-33.766247,,,,,,290,45
268,0.94442,0.0405882,0.0149918,0.962024,0.0302187,0.00775777,181.97661,-35.172699,,,,,,290,45
269,0.9379,0.0468311,0.0152693,0.960108,0.0323985,0.00749315,181.60211,-36.616204,,,,,,290,45
270,0.931727,0.052761,0.0155118,0.958771,0.0340777,0.00715116,181.24534,-37.958978,,,,,,290,45
271,0.926405,0.0579813,0.0156132,0.9578,0.0352344,0.00696567,180.93082,-38.943577,,,,,,290,45
272,0.921941,0.0623705,0.0156882,0.9575,0.0357364,0.00676394,180.63783,-39.461113,,,,,,290,45
273,0.91852,0.0657376,0.0157425,0.957908,0.0355441,0.00654802,180.36483,-39.474519,,,,,,290,45
274,0.916274,0.067946,0.0157804,0.959028,0.0346525,0.00631983,180.10908,-39.111159,,,,,,290,45
275,0.915274,0.0689205,0.0158054,0.960824,0.0330946,0.00608185,179.86706,-38.55379,,,,,,290,45
276,0.91553,0.0686513,0.015819,0.963222,0.0309416,0.0058369,179.63457,-37.934012,,,,,,290,45
277,0.916983,0.0671956,0.0158209,0.96611,0.028302,0.00558808,179.40703,-37.318426,,,,,,290,45
278,0.919514,0.0646762,0.0158094,0.969344,0.0253171,0.00533898,179.17965,-36.72142,,,,,,290,45
279,0.922943,0.0612766,0.0157802,0.972752,0.022155,0.00509318,178.94782,-36.134529,,,,,,290,45
280,0.927039,0.0572329,0.0157282,0.976143,0.0190017,0.00485492,178.70733,-35.536993,,,,,,290,45
281,0.931656,0.0526377,0.0157067,0.979365,0.0160164,0.00461886,178.49279,-35.028861,,,,,,290,45
282,0.936423,0.0479122,0.0156651,0.982194,0.0134172,0.00438842,178.26886,-34.493403,,,,,,290,45
283,0.941038,0.0433599,0.0156022,0.984461,0.0113718,0.00416668,178.03371,-33.916925,,,,,,290,45
284,0.945214,0.0392664,0.0155194,0.986027,0.0100158,0.00395701,177.78707,-33.299306,,,,,,290,45
285,0.948707,0.0358742,0.0154188,0.986796,0.0094415,0.00376296,177.53013,-32.650795,,,,,,290,45
286,0.951335,0.0333594,0.0153052,0.98672,0.0096916,0.00358825,177.26557,-31.99046,,,,,,290,45
287,0.953002,0.0318137,0.0151843,0.985806,0.0107573,0.00343662,176.99724,-31.338646,,,,,,290,45
288,0.953702,0.0312346,0.0150634,0.984107,0.0125817,0.00331125,176.72995,-30.714315,,,,,,290,45
289,0.953526,0.0315243,0.0149502,0.981716,0.0150689,0.00321508,176.46888,-30.13332,,,,,,290,45
290,0.952648,0.0324996,0.0148527,0.978753,0.0180965,0.00315009,176.21932,-29.606618,,,,,,290,45
291,0.950702,0.0340046,0.0152934,0.975291,0.0215269,0.00318191,175.93345,-29.026053,,,,,,290,45
292,0.948525,0.0356256,0.0158489,0.971502,0.0252458,0.00325228,175.6585,-28.502843,,,,,,290,45
293,0.946434,0.0370442,0.0165219,0.967481,0.029162,0.00335711,175.39647,-28.034245,,,,,,290,45
294,0.944724,0.0379608,0.0173148,0.96328,0.0332293,0.00349098,175.14763,-27.61442,,,,,,290,45
295,0.943648,0.0381222,0.0182303,0.958892,0.0374607,0.00364784,174.91029,-27.233892,,,,,,290,45
296,0.943383,0.0373462,0.0192708,0.954241,0.0419378,0.00382077,174.68073,-26.880899,,,,,,290,45
297,0.944021,0.0355403,0.0204388,0.949183,0.0468149,0.00400213,174.45316,-26.540494,,,,,,290,45
298,0.945546,0.032718,0.0217362,0.943499,0.0523166,0.00418412,174.21998,-26.19559,,,,,,290,45
299,0.947829,0.0290067,0.023164,0.936914,0.058727,0.00435949,173.97174,-25.827923,,,,,,290,45
300,0.950626,0.0246519,0.0247218,0.929107,0.0663711,0.00452151,173.69765,-25.420174,,,,,,290,45
301,0.954409,0.0201223,0.0254685,0.919892,0.0751109,0.00499737,173.49408,-25.091251,,,,,,290,45
302,0.958127,0.0157243,0.0261489,0.908905,0.0855555,0.00553913,173.26054,-24.70263,,,,,,290,45
303,0.961303,0.0119473,0.0267497,0.89593,0.0979269,0.00614303,172.98474,-24.246362,,,,,,290,45
304,0.963437,0.00930715,0.0272557,0.88085,0.112348,0.00680228,172.65525,-23.72445,,,,,,290,45
305,0.964053,0.00829744,0.02765,0.863684,0.128809,0.00750741,172.26276,-23.148702,,,,,,290,45
306,0.962751,0.00933306,0.0279158,0.844599,0.147154,0.00824679,171.80053,-22.537137,,,,,,290,45
307,0.959268,0.012695,0.0280372,0.823912,0.167081,0.00900714,171.26518,-21.910006,,,,,,290,45
308,0.953516,0.0184849,0.0279996,0.802067,0.188158,0.00977503,170.65697,-21.286121,,,,,,290,45
309,0.945609,0.0265993,0.0277914,0.779603,0.20986,0.0105376,169.97942,-20.680219,,,,,,290,45
310,0.935866,0.036729,0.0274047,0.757114,0.231603,0.0112831,169.23871,-20.102147,,,,,,290,45
311,0.923821,0.0487703,0.0274086,0.737575,0.251353,0.011072,168.58709,-19.674147,,,,,,290,45
312,0.910807,0.0618595,0.0273332,0.719751,0.269531,0.0107177,167.92499,-19.294061,,,,,,290,45
313,0.897535,0.0752763,0.0271885,0.704197,0.285566,0.0102376,167.26552,-18.960032,,,,,,290,45
314,0.884741,0.0882692,0.0269897,0.69141,0.298942,0.0096482,166.62137,-18.668431,,,,,,290,45
315,0.873134,0.10011,0.0267559,0.681834,0.309202,0.00896475,166.00431,-18.414675,,,,,,290,45
316,0.863359,0.110133,0.0265079,0.67586,0.315941,0.00819871,165.42499,-18.193902,,,,,,290,45
317,0.85597,0.117764,0.0262666,0.673843,0.318799,0.00735778,164.8933,-18.001698,,,,,,290,45
318,0.851413,0.122536,0.0260514,0.676102,0.317453,0.00644568,164.4182,-17.834267,,,,,,290,45
319,0.85002,0.124101,0.025878,0.682928,0.311611,0.00546095,164.00861,-17.689084,,,,,,290,45
320,0.852002,0.12224,0.025758,0.69458,0.301021,0.00439808,163.67371,-17.565129,,,,,,290,45